<assembly xmlns="http://maven.apache.org/ASSEMBLY/2.1.0"
          xmlns:xsi="http://www.w3.org/2001/XMLSchema-instance"
          xsi:schemaLocation="http://maven.apache.org/ASSEMBLY/2.1.0 http://maven.apache.org/xsd/assembly-2.1.0.xsd">
    <id>assembly</id>
    <formats>
        <format>zip</format>
    </formats>
    <fileSets>
        <fileSet>
            <directory>${project.basedir}</directory>
            <outputDirectory>/</outputDirectory>
            <includes>
                <include>README.md</include>
                <include>pom.xml</include>
                <include>LICENSE*</include>
                <include>NOTICE*</include>
                <include>docs/**</include>
            </includes>
        </fileSet>
        <fileSet>
            <directory>src/main/resources/config/</directory>
            <outputDirectory>/</outputDirectory>
            <includes>
                <include>yop_sdk_config_template.json</include>
            </includes>
        </fileSet>
        <fileSet>
            <directory>${project.build.directory}/site</directory>
            <outputDirectory>docs</outputDirectory>
        </fileSet>
        <fileSet>
            <directory>${project.build.directory}/</directory>
            <outputDirectory>/</outputDirectory>
            <includes>
                <include>*.jar</include>
            </includes>
        </fileSet>
    </fileSets>

    <dependencySets>
        <dependencySet>
            <outputDirectory>/lib</outputDirectory>
            <useProjectArtifact>false</useProjectArtifact>
            <scope>runtime</scope>
        </dependencySet>
    </dependencySets>
</assembly>